{
  "project_info": {
    "project_number": "819813834795",
    "firebase_url": "https://convertpdf-a3c09.firebaseio.com",
    "project_id": "convertpdf-a3c09",
    "storage_bucket": "convertpdf-a3c09.appspot.com"
  },
  "client": [
    {
      "client_info": {
        "mobilesdk_app_id": "1:819813834795:android:e4064362e6f9a50d8f8a6e",
        "android_client_info": {
          "package_name": "com.example.convertpdf"
        }
      },
      "oauth_client": [
        {
          "client_id": "819813834795-k7isf9v3tm910i7s0iujvf8jmvn0q5aq.apps.googleusercontent.com",
          "client_type": 1,
          "android_info": {
            "package_name": "com.example.convertpdf",
            "certificate_hash": "3881de1803472760ebb2dd95e4fa8244b4da5955"
          }
        },
        {
          "client_id": "819813834795-lgv1mcq96ulo4pnhf4aspjb209civ8um.apps.googleusercontent.com",
          "client_type": 3
        }
      ],
      "api_key": [
        {
          "current_key": "AIzaSyC12WdMu1xhtL1N2H0oleXAiF4jZC1wUUg"
        }
      ],
      "services": {
        "appinvite_service": {
          "other_platform_oauth_client": [
            {
              "client_id": "819813834795-lgv1mcq96ulo4pnhf4aspjb209civ8um.apps.googleusercontent.com",
              "client_type": 3
            }
          ]
        }
      }
    }
  ],
  "configuration_version": "1"
}